model,layer,alpha,threshold,conditional_mean_base,conditional_mean_control,reported_change,positive_fraction_base,positive_fraction_control
Qwen2.5-7B,14,1.5,0.1,0.1523,0.1474,-0.0049,0.70,0.66
Qwen2.5-7B,19,0.1,0.8,0.1523,0.1423,-0.0101,0.70,0.70
Qwen2.5-7B,25,1.5,0.7,0.1523,0.1014,-0.0510,0.70,0.66
Mistral-7B,14,0.2,0.1,0.2084,0.1967,-0.0117,0.50,0.60
Mistral-7B,19,0.7,0.5,0.2084,0.2331,0.0247,0.50,0.56
Mistral-7B,25,1.5,0.4,0.2084,0.2063,-0.0021,0.50,0.60
Llama-3.1-8B,14,0.1,0.8,0.1725,0.2112,0.0387,0.64,0.66
Llama-3.1-8B,19,0.4,0.4,0.1725,0.1687,-0.0038,0.64,0.60
Llama-3.1-8B,25,1.0,0.1,0.1725,0.1777,0.0053,0.64,0.72
